https://static.wixstatic.com/media/01ab6619093f45388d66736ec22e5885.png	orig_f47c0247fab3abb5.png	2367
https://static.wixstatic.com/media/23fd2a2be53141ed810f4d3dcdcd01fa.png	orig_e4c1692006a0edca.png	966
https://static.wixstatic.com/media/6abcaa_571ab7d1838541f389c93bf0537e7964~mv2.jpg	orig_7428d5292783513d.jpg	390988
https://static.wixstatic.com/media/6abcaa_6928716d2c7c4f20be2c2cb5aa64ec67~mv2.png	orig_00dd5ac8f6feb396.png	7454520
https://static.wixstatic.com/media/6abcaa_804ff90d05704b38a3d584d5121d0381~mv2.png	orig_02ff7ec8555e3e90.png	17133
https://static.wixstatic.com/media/6abcaa_d5ad9b84cdb84c128f1ba0a0fa6f63b8~mv2.jpg	orig_caa8023a007d90c8.jpg	277321
https://static.wixstatic.com/media/6abcaa_e78104f9dd23436fbedd36be7e55b1af~mv2.jpeg	orig_c9f2aeae4f15d149.jpeg	477316
https://static.wixstatic.com/media/7528824071724d12a3e6c31eee0b40d4.png	orig_73065148cae3cef1.png	1298
https://static.wixstatic.com/media/81af6121f84c41a5b4391d7d37fce12a.png	orig_15969e95c7ae27d9.png	21768
https://static.wixstatic.com/media/e5a7dd170fb04ed3b8eb8144b649651f.png	orig_f140dd88b66c0a00.png	1216
